Workbook

Sheet Pipeline
A1: AI Value Prospectors — Sales Pipeline Tracker
A2: Company / Prospect | B2: Contact | C2: Email | D2: Brand | E2: Stage | F2: Tier | G2: Seats | H2: Est. Annual Value | I2: Next Action | J2: Next Action Date | K2: Notes
A3: Acme Logistics | B3: Maria Vega | C3: maria@acme.com | D3: ProAsiste | E3: Demo Scheduled | F3: GOLD | G3: 5 | H3: =IF(OR(F3="",G3=""),"",G3*VLOOKUP(F3,'Rate Card'!$A$2:$B$5,2,FALSE)) | I3: Send recap + quote | K3: Warm intro via referral
H4: =IF(OR(F4="",G4=""),"",G4*VLOOKUP(F4,'Rate Card'!$A$2:$B$5,2,FALSE))
H5: =IF(OR(F5="",G5=""),"",G5*VLOOKUP(F5,'Rate Card'!$A$2:$B$5,2,FALSE))
H6: =IF(OR(F6="",G6=""),"",G6*VLOOKUP(F6,'Rate Card'!$A$2:$B$5,2,FALSE))
H7: =IF(OR(F7="",G7=""),"",G7*VLOOKUP(F7,'Rate Card'!$A$2:$B$5,2,FALSE))
H8: =IF(OR(F8="",G8=""),"",G8*VLOOKUP(F8,'Rate Card'!$A$2:$B$5,2,FALSE))
H9: =IF(OR(F9="",G9=""),"",G9*VLOOKUP(F9,'Rate Card'!$A$2:$B$5,2,FALSE))
H10: =IF(OR(F10="",G10=""),"",G10*VLOOKUP(F10,'Rate Card'!$A$2:$B$5,2,FALSE))
H11: =IF(OR(F11="",G11=""),"",G11*VLOOKUP(F11,'Rate Card'!$A$2:$B$5,2,FALSE))
H12: =IF(OR(F12="",G12=""),"",G12*VLOOKUP(F12,'Rate Card'!$A$2:$B$5,2,FALSE))
H13: =IF(OR(F13="",G13=""),"",G13*VLOOKUP(F13,'Rate Card'!$A$2:$B$5,2,FALSE))
H14: =IF(OR(F14="",G14=""),"",G14*VLOOKUP(F14,'Rate Card'!$A$2:$B$5,2,FALSE))
H15: =IF(OR(F15="",G15=""),"",G15*VLOOKUP(F15,'Rate Card'!$A$2:$B$5,2,FALSE))
... H102: =IF(OR(F102="",G102=""),"",G102*VLOOKUP(F102,'Rate Card'!$A$2:$B$5,2,FALSE))

Sheet Rate Card
A1: Tier | B1: Annual Fee
A2: SILVER | B2: 199
A3: GOLD | B3: 349
A4: PLATINUM | B4: 489
A5: DIAMOND | B5: 689

Sheet Summary
A1: Pipeline Summary
A2: Stage | B2: Count | C2: Est. Annual Value
A3: Prospect | B3: =COUNTIF(Pipeline!$E$3:$E$102,"Prospect") | C3: =SUMIF(Pipeline!$E$3:$E$102,"Prospect",Pipeline!$H$3:$H$102)
A4: Qualified | B4: =COUNTIF(Pipeline!$E$3:$E$102,"Qualified") | C4: =SUMIF(Pipeline!$E$3:$E$102,"Qualified",Pipeline!$H$3:$H$102)
A5: Demo Scheduled | B5: =COUNTIF(Pipeline!$E$3:$E$102,"Demo Scheduled") | C5: =SUMIF(Pipeline!$E$3:$E$102,"Demo Scheduled",Pipeline!$H$3:$H$102)
A6: Proposal Sent | B6: =COUNTIF(Pipeline!$E$3:$E$102,"Proposal Sent") | C6: =SUMIF(Pipeline!$E$3:$E$102,"Proposal Sent",Pipeline!$H$3:$H$102)
A7: Pro (Won) | B7: =COUNTIF(Pipeline!$E$3:$E$102,"Pro (Won)") | C7: =SUMIF(Pipeline!$E$3:$E$102,"Pro (Won)",Pipeline!$H$3:$H$102)
A8: Member | B8: =COUNTIF(Pipeline!$E$3:$E$102,"Member") | C8: =SUMIF(Pipeline!$E$3:$E$102,"Member",Pipeline!$H$3:$H$102)
A9: On Hold | B9: =COUNTIF(Pipeline!$E$3:$E$102,"On Hold") | C9: =SUMIF(Pipeline!$E$3:$E$102,"On Hold",Pipeline!$H$3:$H$102)
A10: Lost | B10: =COUNTIF(Pipeline!$E$3:$E$102,"Lost") | C10: =SUMIF(Pipeline!$E$3:$E$102,"Lost",Pipeline!$H$3:$H$102)
A11: TOTAL | B11: =SUM(B3:B10) | C11: =SUM(C3:C10)
